Date,Day Name
01-01-2021,Friday
02-01-2021,Saturday
03-01-2021,Sunday
04-01-2021,Monday
05-01-2021,Tuesday
06-01-2021,Wednesday
07-01-2021,Thursday
08-01-2021,Friday
09-01-2021,Saturday
10-01-2021,Sunday
11-01-2021,Monday
12-01-2021,Tuesday
13-01-2021,Wednesday
14-01-2021,Thursday
15-01-2021,Friday
16-01-2021,Saturday
17-01-2021,Sunday
18-01-2021,Monday
19-01-2021,Tuesday
20-01-2021,Wednesday
21-01-2021,Thursday
22-01-2021,Friday
23-01-2021,Saturday
24-01-2021,Sunday
25-01-2021,Monday
26-01-2021,Tuesday
27-01-2021,Wednesday
28-01-2021,Thursday
29-01-2021,Friday
30-01-2021,Saturday
31-01-2021,Sunday
01-02-2021,Monday
02-02-2021,Tuesday
03-02-2021,Wednesday
04-02-2021,Thursday
05-02-2021,Friday
06-02-2021,Saturday
07-02-2021,Sunday
08-02-2021,Monday
09-02-2021,Tuesday
10-02-2021,Wednesday
11-02-2021,Thursday
12-02-2021,Friday
13-02-2021,Saturday
14-02-2021,Sunday
15-02-2021,Monday
16-02-2021,Tuesday
17-02-2021,Wednesday
18-02-2021,Thursday
19-02-2021,Friday
20-02-2021,Saturday
21-02-2021,Sunday
22-02-2021,Monday
23-02-2021,Tuesday
24-02-2021,Wednesday
25-02-2021,Thursday
26-02-2021,Friday
27-02-2021,Saturday
28-02-2021,Sunday
01-03-2021,Monday
02-03-2021,Tuesday
03-03-2021,Wednesday
04-03-2021,Thursday
05-03-2021,Friday
06-03-2021,Saturday
07-03-2021,Sunday
08-03-2021,Monday
09-03-2021,Tuesday
10-03-2021,Wednesday
11-03-2021,Thursday
12-03-2021,Friday
13-03-2021,Saturday
14-03-2021,Sunday
15-03-2021,Monday
16-03-2021,Tuesday
17-03-2021,Wednesday
18-03-2021,Thursday
19-03-2021,Friday
20-03-2021,Saturday
21-03-2021,Sunday
22-03-2021,Monday
23-03-2021,Tuesday
24-03-2021,Wednesday
25-03-2021,Thursday
26-03-2021,Friday
27-03-2021,Saturday
28-03-2021,Sunday
29-03-2021,Monday
30-03-2021,Tuesday
31-03-2021,Wednesday
01-04-2021,Thursday
02-04-2021,Friday
03-04-2021,Saturday
04-04-2021,Sunday
05-04-2021,Monday
06-04-2021,Tuesday
07-04-2021,Wednesday
08-04-2021,Thursday
09-04-2021,Friday
10-04-2021,Saturday
11-04-2021,Sunday
12-04-2021,Monday
13-04-2021,Tuesday
14-04-2021,Wednesday
15-04-2021,Thursday
16-04-2021,Friday
17-04-2021,Saturday
18-04-2021,Sunday
19-04-2021,Monday
20-04-2021,Tuesday
21-04-2021,Wednesday
22-04-2021,Thursday
23-04-2021,Friday
24-04-2021,Saturday
25-04-2021,Sunday
26-04-2021,Monday
27-04-2021,Tuesday
28-04-2021,Wednesday
29-04-2021,Thursday
30-04-2021,Friday
01-05-2021,Saturday
02-05-2021,Sunday
03-05-2021,Monday
04-05-2021,Tuesday
05-05-2021,Wednesday
06-05-2021,Thursday
07-05-2021,Friday
08-05-2021,Saturday
09-05-2021,Sunday
10-05-2021,Monday
11-05-2021,Tuesday
12-05-2021,Wednesday
13-05-2021,Thursday
14-05-2021,Friday
15-05-2021,Saturday
16-05-2021,Sunday
17-05-2021,Monday
18-05-2021,Tuesday
19-05-2021,Wednesday
20-05-2021,Thursday
21-05-2021,Friday
22-05-2021,Saturday
23-05-2021,Sunday
24-05-2021,Monday
25-05-2021,Tuesday
26-05-2021,Wednesday
27-05-2021,Thursday
28-05-2021,Friday
29-05-2021,Saturday
30-05-2021,Sunday
31-05-2021,Monday
01-06-2021,Tuesday
02-06-2021,Wednesday
03-06-2021,Thursday
04-06-2021,Friday
05-06-2021,Saturday
06-06-2021,Sunday
07-06-2021,Monday
08-06-2021,Tuesday
09-06-2021,Wednesday
10-06-2021,Thursday
11-06-2021,Friday
12-06-2021,Saturday
13-06-2021,Sunday
14-06-2021,Monday
15-06-2021,Tuesday
16-06-2021,Wednesday
17-06-2021,Thursday
18-06-2021,Friday
19-06-2021,Saturday
20-06-2021,Sunday
21-06-2021,Monday
22-06-2021,Tuesday
23-06-2021,Wednesday
24-06-2021,Thursday
25-06-2021,Friday
26-06-2021,Saturday
27-06-2021,Sunday
28-06-2021,Monday
29-06-2021,Tuesday
30-06-2021,Wednesday
01-07-2021,Thursday
02-07-2021,Friday
03-07-2021,Saturday
04-07-2021,Sunday
05-07-2021,Monday
06-07-2021,Tuesday
07-07-2021,Wednesday
08-07-2021,Thursday
09-07-2021,Friday
10-07-2021,Saturday
11-07-2021,Sunday
12-07-2021,Monday
13-07-2021,Tuesday
14-07-2021,Wednesday
15-07-2021,Thursday
16-07-2021,Friday
17-07-2021,Saturday
18-07-2021,Sunday
19-07-2021,Monday
20-07-2021,Tuesday
21-07-2021,Wednesday
22-07-2021,Thursday
23-07-2021,Friday
24-07-2021,Saturday
25-07-2021,Sunday
26-07-2021,Monday
27-07-2021,Tuesday
28-07-2021,Wednesday
29-07-2021,Thursday
30-07-2021,Friday
31-07-2021,Saturday
01-08-2021,Sunday
02-08-2021,Monday
03-08-2021,Tuesday
04-08-2021,Wednesday
05-08-2021,Thursday
06-08-2021,Friday
07-08-2021,Saturday
08-08-2021,Sunday
09-08-2021,Monday
10-08-2021,Tuesday
11-08-2021,Wednesday
12-08-2021,Thursday
13-08-2021,Friday
14-08-2021,Saturday
15-08-2021,Sunday
16-08-2021,Monday
17-08-2021,Tuesday
18-08-2021,Wednesday
19-08-2021,Thursday
20-08-2021,Friday
21-08-2021,Saturday
22-08-2021,Sunday
23-08-2021,Monday
24-08-2021,Tuesday
25-08-2021,Wednesday
26-08-2021,Thursday
27-08-2021,Friday
28-08-2021,Saturday
29-08-2021,Sunday
30-08-2021,Monday
31-08-2021,Tuesday
01-09-2021,Wednesday
02-09-2021,Thursday
03-09-2021,Friday
04-09-2021,Saturday
05-09-2021,Sunday
06-09-2021,Monday
07-09-2021,Tuesday
08-09-2021,Wednesday
09-09-2021,Thursday
10-09-2021,Friday
11-09-2021,Saturday
12-09-2021,Sunday
13-09-2021,Monday
14-09-2021,Tuesday
15-09-2021,Wednesday
16-09-2021,Thursday
17-09-2021,Friday
18-09-2021,Saturday
19-09-2021,Sunday
20-09-2021,Monday
21-09-2021,Tuesday
22-09-2021,Wednesday
23-09-2021,Thursday
24-09-2021,Friday
25-09-2021,Saturday
26-09-2021,Sunday
27-09-2021,Monday
28-09-2021,Tuesday
29-09-2021,Wednesday
30-09-2021,Thursday
01-10-2021,Friday
02-10-2021,Saturday
03-10-2021,Sunday
04-10-2021,Monday
05-10-2021,Tuesday
06-10-2021,Wednesday
07-10-2021,Thursday
08-10-2021,Friday
09-10-2021,Saturday
10-10-2021,Sunday
11-10-2021,Monday
12-10-2021,Tuesday
13-10-2021,Wednesday
14-10-2021,Thursday
15-10-2021,Friday
16-10-2021,Saturday
17-10-2021,Sunday
18-10-2021,Monday
19-10-2021,Tuesday
20-10-2021,Wednesday
21-10-2021,Thursday
22-10-2021,Friday
23-10-2021,Saturday
24-10-2021,Sunday
25-10-2021,Monday
26-10-2021,Tuesday
27-10-2021,Wednesday
28-10-2021,Thursday
29-10-2021,Friday
30-10-2021,Saturday
31-10-2021,Sunday
01-11-2021,Monday
02-11-2021,Tuesday
03-11-2021,Wednesday
04-11-2021,Thursday
05-11-2021,Friday
06-11-2021,Saturday
07-11-2021,Sunday
08-11-2021,Monday
09-11-2021,Tuesday
10-11-2021,Wednesday
11-11-2021,Thursday
12-11-2021,Friday
13-11-2021,Saturday
14-11-2021,Sunday
15-11-2021,Monday
16-11-2021,Tuesday
17-11-2021,Wednesday
18-11-2021,Thursday
19-11-2021,Friday
20-11-2021,Saturday
21-11-2021,Sunday
22-11-2021,Monday
23-11-2021,Tuesday
24-11-2021,Wednesday
25-11-2021,Thursday
26-11-2021,Friday
27-11-2021,Saturday
28-11-2021,Sunday
29-11-2021,Monday
30-11-2021,Tuesday
01-12-2021,Wednesday
02-12-2021,Thursday
03-12-2021,Friday
04-12-2021,Saturday
05-12-2021,Sunday
06-12-2021,Monday
07-12-2021,Tuesday
08-12-2021,Wednesday
09-12-2021,Thursday
10-12-2021,Friday
11-12-2021,Saturday
12-12-2021,Sunday
13-12-2021,Monday
14-12-2021,Tuesday
15-12-2021,Wednesday
16-12-2021,Thursday
17-12-2021,Friday
18-12-2021,Saturday
19-12-2021,Sunday
20-12-2021,Monday
21-12-2021,Tuesday
22-12-2021,Wednesday
23-12-2021,Thursday
24-12-2021,Friday
25-12-2021,Saturday
26-12-2021,Sunday
27-12-2021,Monday
28-12-2021,Tuesday
29-12-2021,Wednesday
30-12-2021,Thursday
31-12-2021,Friday
01-01-2022,Saturday
02-01-2022,Sunday
03-01-2022,Monday
04-01-2022,Tuesday
05-01-2022,Wednesday
06-01-2022,Thursday
07-01-2022,Friday
08-01-2022,Saturday
09-01-2022,Sunday
10-01-2022,Monday
11-01-2022,Tuesday
12-01-2022,Wednesday
13-01-2022,Thursday
14-01-2022,Friday
15-01-2022,Saturday
16-01-2022,Sunday
17-01-2022,Monday
18-01-2022,Tuesday
19-01-2022,Wednesday
20-01-2022,Thursday
21-01-2022,Friday
22-01-2022,Saturday
23-01-2022,Sunday
24-01-2022,Monday
25-01-2022,Tuesday
26-01-2022,Wednesday
27-01-2022,Thursday
28-01-2022,Friday
29-01-2022,Saturday
30-01-2022,Sunday
31-01-2022,Monday
01-02-2022,Tuesday
02-02-2022,Wednesday
03-02-2022,Thursday
04-02-2022,Friday
05-02-2022,Saturday
06-02-2022,Sunday
07-02-2022,Monday
08-02-2022,Tuesday
09-02-2022,Wednesday
10-02-2022,Thursday
11-02-2022,Friday
12-02-2022,Saturday
13-02-2022,Sunday
14-02-2022,Monday
15-02-2022,Tuesday
16-02-2022,Wednesday
17-02-2022,Thursday
18-02-2022,Friday
19-02-2022,Saturday
20-02-2022,Sunday
21-02-2022,Monday
22-02-2022,Tuesday
23-02-2022,Wednesday
24-02-2022,Thursday
25-02-2022,Friday
26-02-2022,Saturday
27-02-2022,Sunday
28-02-2022,Monday
01-03-2022,Tuesday
02-03-2022,Wednesday
03-03-2022,Thursday
04-03-2022,Friday
05-03-2022,Saturday
06-03-2022,Sunday
07-03-2022,Monday
08-03-2022,Tuesday
09-03-2022,Wednesday
10-03-2022,Thursday
11-03-2022,Friday
12-03-2022,Saturday
13-03-2022,Sunday
14-03-2022,Monday
15-03-2022,Tuesday
16-03-2022,Wednesday
17-03-2022,Thursday
18-03-2022,Friday
19-03-2022,Saturday
20-03-2022,Sunday
21-03-2022,Monday
22-03-2022,Tuesday
23-03-2022,Wednesday
24-03-2022,Thursday
25-03-2022,Friday
26-03-2022,Saturday
27-03-2022,Sunday
28-03-2022,Monday
29-03-2022,Tuesday
30-03-2022,Wednesday
31-03-2022,Thursday
01-04-2022,Friday
02-04-2022,Saturday
03-04-2022,Sunday
04-04-2022,Monday
05-04-2022,Tuesday
06-04-2022,Wednesday
07-04-2022,Thursday
08-04-2022,Friday
09-04-2022,Saturday
10-04-2022,Sunday
11-04-2022,Monday
12-04-2022,Tuesday
13-04-2022,Wednesday
14-04-2022,Thursday
15-04-2022,Friday
16-04-2022,Saturday
17-04-2022,Sunday
18-04-2022,Monday
19-04-2022,Tuesday
20-04-2022,Wednesday
21-04-2022,Thursday
22-04-2022,Friday
23-04-2022,Saturday
24-04-2022,Sunday
25-04-2022,Monday
26-04-2022,Tuesday
27-04-2022,Wednesday
28-04-2022,Thursday
29-04-2022,Friday
30-04-2022,Saturday
01-05-2022,Sunday
02-05-2022,Monday
03-05-2022,Tuesday
04-05-2022,Wednesday
05-05-2022,Thursday
06-05-2022,Friday
07-05-2022,Saturday
08-05-2022,Sunday
09-05-2022,Monday
10-05-2022,Tuesday
11-05-2022,Wednesday
12-05-2022,Thursday
13-05-2022,Friday
14-05-2022,Saturday
15-05-2022,Sunday
16-05-2022,Monday
17-05-2022,Tuesday
18-05-2022,Wednesday
19-05-2022,Thursday
20-05-2022,Friday
21-05-2022,Saturday
22-05-2022,Sunday
23-05-2022,Monday
24-05-2022,Tuesday
25-05-2022,Wednesday
26-05-2022,Thursday
27-05-2022,Friday
28-05-2022,Saturday
29-05-2022,Sunday
30-05-2022,Monday
31-05-2022,Tuesday
01-06-2022,Wednesday
02-06-2022,Thursday
03-06-2022,Friday
04-06-2022,Saturday
05-06-2022,Sunday
06-06-2022,Monday
07-06-2022,Tuesday
08-06-2022,Wednesday
09-06-2022,Thursday
10-06-2022,Friday
11-06-2022,Saturday
12-06-2022,Sunday
13-06-2022,Monday
14-06-2022,Tuesday
15-06-2022,Wednesday
16-06-2022,Thursday
17-06-2022,Friday
18-06-2022,Saturday
19-06-2022,Sunday
20-06-2022,Monday
21-06-2022,Tuesday
22-06-2022,Wednesday
23-06-2022,Thursday
24-06-2022,Friday
25-06-2022,Saturday
26-06-2022,Sunday
27-06-2022,Monday
28-06-2022,Tuesday
29-06-2022,Wednesday
30-06-2022,Thursday
01-07-2022,Friday
02-07-2022,Saturday
03-07-2022,Sunday
04-07-2022,Monday
05-07-2022,Tuesday
06-07-2022,Wednesday
07-07-2022,Thursday
08-07-2022,Friday
09-07-2022,Saturday
10-07-2022,Sunday
11-07-2022,Monday
12-07-2022,Tuesday
13-07-2022,Wednesday
14-07-2022,Thursday
15-07-2022,Friday
16-07-2022,Saturday
17-07-2022,Sunday
18-07-2022,Monday
19-07-2022,Tuesday
20-07-2022,Wednesday
21-07-2022,Thursday
22-07-2022,Friday
23-07-2022,Saturday
24-07-2022,Sunday
25-07-2022,Monday
26-07-2022,Tuesday
27-07-2022,Wednesday
28-07-2022,Thursday
29-07-2022,Friday
30-07-2022,Saturday
31-07-2022,Sunday
01-08-2022,Monday
02-08-2022,Tuesday
03-08-2022,Wednesday
04-08-2022,Thursday
05-08-2022,Friday
06-08-2022,Saturday
07-08-2022,Sunday
08-08-2022,Monday
09-08-2022,Tuesday
10-08-2022,Wednesday
11-08-2022,Thursday
12-08-2022,Friday
13-08-2022,Saturday
14-08-2022,Sunday
15-08-2022,Monday
16-08-2022,Tuesday
17-08-2022,Wednesday
18-08-2022,Thursday
19-08-2022,Friday
20-08-2022,Saturday
21-08-2022,Sunday
22-08-2022,Monday
23-08-2022,Tuesday
24-08-2022,Wednesday
25-08-2022,Thursday
26-08-2022,Friday
27-08-2022,Saturday
28-08-2022,Sunday
29-08-2022,Monday
30-08-2022,Tuesday
31-08-2022,Wednesday
01-09-2022,Thursday
02-09-2022,Friday
03-09-2022,Saturday
04-09-2022,Sunday
05-09-2022,Monday
06-09-2022,Tuesday
07-09-2022,Wednesday
08-09-2022,Thursday
09-09-2022,Friday
10-09-2022,Saturday
11-09-2022,Sunday
12-09-2022,Monday
13-09-2022,Tuesday
14-09-2022,Wednesday
15-09-2022,Thursday
16-09-2022,Friday
17-09-2022,Saturday
18-09-2022,Sunday
19-09-2022,Monday
20-09-2022,Tuesday
21-09-2022,Wednesday
22-09-2022,Thursday
23-09-2022,Friday
24-09-2022,Saturday
25-09-2022,Sunday
26-09-2022,Monday
27-09-2022,Tuesday
28-09-2022,Wednesday
29-09-2022,Thursday
30-09-2022,Friday
01-10-2022,Saturday
02-10-2022,Sunday
03-10-2022,Monday
04-10-2022,Tuesday
05-10-2022,Wednesday
06-10-2022,Thursday
07-10-2022,Friday
08-10-2022,Saturday
09-10-2022,Sunday
10-10-2022,Monday
11-10-2022,Tuesday
12-10-2022,Wednesday
13-10-2022,Thursday
14-10-2022,Friday
15-10-2022,Saturday
16-10-2022,Sunday
17-10-2022,Monday
18-10-2022,Tuesday
19-10-2022,Wednesday
20-10-2022,Thursday
21-10-2022,Friday
22-10-2022,Saturday
23-10-2022,Sunday
24-10-2022,Monday
25-10-2022,Tuesday
26-10-2022,Wednesday
27-10-2022,Thursday
28-10-2022,Friday
29-10-2022,Saturday
30-10-2022,Sunday
31-10-2022,Monday
01-11-2022,Tuesday
02-11-2022,Wednesday
03-11-2022,Thursday
04-11-2022,Friday
05-11-2022,Saturday
06-11-2022,Sunday
07-11-2022,Monday
08-11-2022,Tuesday
09-11-2022,Wednesday
10-11-2022,Thursday
11-11-2022,Friday
12-11-2022,Saturday
13-11-2022,Sunday
14-11-2022,Monday
15-11-2022,Tuesday
16-11-2022,Wednesday
17-11-2022,Thursday
18-11-2022,Friday
19-11-2022,Saturday
20-11-2022,Sunday
21-11-2022,Monday
22-11-2022,Tuesday
23-11-2022,Wednesday
24-11-2022,Thursday
25-11-2022,Friday
26-11-2022,Saturday
27-11-2022,Sunday
28-11-2022,Monday
29-11-2022,Tuesday
30-11-2022,Wednesday
01-12-2022,Thursday
02-12-2022,Friday
03-12-2022,Saturday
04-12-2022,Sunday
05-12-2022,Monday
06-12-2022,Tuesday
07-12-2022,Wednesday
08-12-2022,Thursday
09-12-2022,Friday
10-12-2022,Saturday
11-12-2022,Sunday
12-12-2022,Monday
13-12-2022,Tuesday
14-12-2022,Wednesday
15-12-2022,Thursday
16-12-2022,Friday
17-12-2022,Saturday
18-12-2022,Sunday
19-12-2022,Monday
20-12-2022,Tuesday
21-12-2022,Wednesday
22-12-2022,Thursday
23-12-2022,Friday
24-12-2022,Saturday
25-12-2022,Sunday
26-12-2022,Monday
27-12-2022,Tuesday
28-12-2022,Wednesday
29-12-2022,Thursday
30-12-2022,Friday
31-12-2022,Saturday
01-01-2023,Sunday
02-01-2023,Monday
03-01-2023,Tuesday
04-01-2023,Wednesday
05-01-2023,Thursday
06-01-2023,Friday
07-01-2023,Saturday
08-01-2023,Sunday
09-01-2023,Monday
10-01-2023,Tuesday
11-01-2023,Wednesday
12-01-2023,Thursday
13-01-2023,Friday
14-01-2023,Saturday
15-01-2023,Sunday
16-01-2023,Monday
17-01-2023,Tuesday
18-01-2023,Wednesday
19-01-2023,Thursday
20-01-2023,Friday
21-01-2023,Saturday
22-01-2023,Sunday
23-01-2023,Monday
24-01-2023,Tuesday
25-01-2023,Wednesday
26-01-2023,Thursday
27-01-2023,Friday
28-01-2023,Saturday
29-01-2023,Sunday
30-01-2023,Monday
31-01-2023,Tuesday
01-02-2023,Wednesday
02-02-2023,Thursday
03-02-2023,Friday
04-02-2023,Saturday
05-02-2023,Sunday
06-02-2023,Monday
07-02-2023,Tuesday
08-02-2023,Wednesday
09-02-2023,Thursday
10-02-2023,Friday
11-02-2023,Saturday
12-02-2023,Sunday
13-02-2023,Monday
14-02-2023,Tuesday
15-02-2023,Wednesday
16-02-2023,Thursday
17-02-2023,Friday
18-02-2023,Saturday
19-02-2023,Sunday
20-02-2023,Monday
21-02-2023,Tuesday
22-02-2023,Wednesday
23-02-2023,Thursday
24-02-2023,Friday
25-02-2023,Saturday
26-02-2023,Sunday
27-02-2023,Monday
28-02-2023,Tuesday
01-03-2023,Wednesday
02-03-2023,Thursday
03-03-2023,Friday
04-03-2023,Saturday
05-03-2023,Sunday
06-03-2023,Monday
07-03-2023,Tuesday
08-03-2023,Wednesday
09-03-2023,Thursday
10-03-2023,Friday
11-03-2023,Saturday
12-03-2023,Sunday
13-03-2023,Monday
14-03-2023,Tuesday
15-03-2023,Wednesday
16-03-2023,Thursday
17-03-2023,Friday
18-03-2023,Saturday
19-03-2023,Sunday
20-03-2023,Monday
21-03-2023,Tuesday
22-03-2023,Wednesday
23-03-2023,Thursday
24-03-2023,Friday
25-03-2023,Saturday
26-03-2023,Sunday
27-03-2023,Monday
28-03-2023,Tuesday
29-03-2023,Wednesday
30-03-2023,Thursday
31-03-2023,Friday
01-04-2023,Saturday
02-04-2023,Sunday
03-04-2023,Monday
04-04-2023,Tuesday
05-04-2023,Wednesday
06-04-2023,Thursday
07-04-2023,Friday
08-04-2023,Saturday
09-04-2023,Sunday
10-04-2023,Monday
11-04-2023,Tuesday
12-04-2023,Wednesday
13-04-2023,Thursday
14-04-2023,Friday
15-04-2023,Saturday
16-04-2023,Sunday
17-04-2023,Monday
18-04-2023,Tuesday
19-04-2023,Wednesday
20-04-2023,Thursday
21-04-2023,Friday
22-04-2023,Saturday
23-04-2023,Sunday
24-04-2023,Monday
25-04-2023,Tuesday
26-04-2023,Wednesday
27-04-2023,Thursday
28-04-2023,Friday
29-04-2023,Saturday
30-04-2023,Sunday
01-05-2023,Monday
02-05-2023,Tuesday
03-05-2023,Wednesday
04-05-2023,Thursday
05-05-2023,Friday
06-05-2023,Saturday
07-05-2023,Sunday
08-05-2023,Monday
09-05-2023,Tuesday
10-05-2023,Wednesday
11-05-2023,Thursday
12-05-2023,Friday
13-05-2023,Saturday
14-05-2023,Sunday
15-05-2023,Monday
16-05-2023,Tuesday
17-05-2023,Wednesday
18-05-2023,Thursday
19-05-2023,Friday
20-05-2023,Saturday
21-05-2023,Sunday
22-05-2023,Monday
23-05-2023,Tuesday
24-05-2023,Wednesday
25-05-2023,Thursday
26-05-2023,Friday
27-05-2023,Saturday
28-05-2023,Sunday
29-05-2023,Monday
30-05-2023,Tuesday
31-05-2023,Wednesday
01-06-2023,Thursday
02-06-2023,Friday
03-06-2023,Saturday
04-06-2023,Sunday
05-06-2023,Monday
06-06-2023,Tuesday
07-06-2023,Wednesday
08-06-2023,Thursday
09-06-2023,Friday
10-06-2023,Saturday
11-06-2023,Sunday
12-06-2023,Monday
13-06-2023,Tuesday
14-06-2023,Wednesday
15-06-2023,Thursday
16-06-2023,Friday
17-06-2023,Saturday
18-06-2023,Sunday
19-06-2023,Monday
20-06-2023,Tuesday
21-06-2023,Wednesday
22-06-2023,Thursday
23-06-2023,Friday
24-06-2023,Saturday
25-06-2023,Sunday
26-06-2023,Monday
27-06-2023,Tuesday
28-06-2023,Wednesday
29-06-2023,Thursday
30-06-2023,Friday
01-07-2023,Saturday
02-07-2023,Sunday
03-07-2023,Monday
04-07-2023,Tuesday
05-07-2023,Wednesday
06-07-2023,Thursday
07-07-2023,Friday
08-07-2023,Saturday
09-07-2023,Sunday
10-07-2023,Monday
11-07-2023,Tuesday
12-07-2023,Wednesday
13-07-2023,Thursday
14-07-2023,Friday
15-07-2023,Saturday
16-07-2023,Sunday
17-07-2023,Monday
18-07-2023,Tuesday
19-07-2023,Wednesday
20-07-2023,Thursday
21-07-2023,Friday
22-07-2023,Saturday
23-07-2023,Sunday
24-07-2023,Monday
25-07-2023,Tuesday
26-07-2023,Wednesday
27-07-2023,Thursday
28-07-2023,Friday
29-07-2023,Saturday
30-07-2023,Sunday
31-07-2023,Monday
01-08-2023,Tuesday
02-08-2023,Wednesday
03-08-2023,Thursday
04-08-2023,Friday
05-08-2023,Saturday
06-08-2023,Sunday
07-08-2023,Monday
08-08-2023,Tuesday
09-08-2023,Wednesday
10-08-2023,Thursday
11-08-2023,Friday
12-08-2023,Saturday
13-08-2023,Sunday
14-08-2023,Monday
15-08-2023,Tuesday
16-08-2023,Wednesday
17-08-2023,Thursday
18-08-2023,Friday
19-08-2023,Saturday
20-08-2023,Sunday
21-08-2023,Monday
22-08-2023,Tuesday
23-08-2023,Wednesday
24-08-2023,Thursday
25-08-2023,Friday
26-08-2023,Saturday
27-08-2023,Sunday
28-08-2023,Monday
29-08-2023,Tuesday
30-08-2023,Wednesday
31-08-2023,Thursday
01-09-2023,Friday
02-09-2023,Saturday
03-09-2023,Sunday
04-09-2023,Monday
05-09-2023,Tuesday
06-09-2023,Wednesday
07-09-2023,Thursday
08-09-2023,Friday
09-09-2023,Saturday
10-09-2023,Sunday
11-09-2023,Monday
12-09-2023,Tuesday
13-09-2023,Wednesday
14-09-2023,Thursday
15-09-2023,Friday
16-09-2023,Saturday
17-09-2023,Sunday
18-09-2023,Monday
19-09-2023,Tuesday
20-09-2023,Wednesday
21-09-2023,Thursday
22-09-2023,Friday
23-09-2023,Saturday
24-09-2023,Sunday
25-09-2023,Monday
26-09-2023,Tuesday
27-09-2023,Wednesday
